len,Классический неоптимизированный алгоритм
10,0.0000114
60,0.0006200
110,0.0034352
160,0.0110340
210,0.0238074
260,0.0468812
310,0.0874287
360,0.1186567
410,0.1806878
460,0.3598906
