len,Оптимизированный классический алгоритм
10,0.0000031
60,0.0007330
110,0.0033155
160,0.0100810
210,0.0239882
260,0.0476035
310,0.0887321
360,0.1217485
410,0.1734200
460,0.3620684
