len,Классический неоптимизированный алгоритм
11,0.0000177
61,0.0007465
111,0.0035175
161,0.0109648
211,0.0250404
261,0.0486701
311,0.0930868
361,0.1224514
411,0.1836993
461,0.3590612
