len,Оптимизированный классический алгоритм
11,0.0000039
61,0.0006545
111,0.0036365
161,0.0111708
211,0.0241092
261,0.0475511
311,0.0968606
361,0.1239953
411,0.1798450
461,0.3638082
