len,Оптимизированный алгоритм Винограда
11,0.0000039
61,0.0005786
111,0.0033799
161,0.0093739
211,0.0216115
261,0.0424410
311,0.0930979
361,0.1066312
411,0.1646762
461,0.3346132
