len,Classic
10,0.0000136
60,0.0015532
110,0.0088996
160,0.0136560
210,0.0363334
260,0.0433772
310,0.0974000
360,0.1376794
410,0.1801004
460,0.3638812
