len,Grape
10,0.0000032
60,0.0004598
110,0.0031760
160,0.0090372
210,0.0202432
260,0.0389052
310,0.0978198
360,0.1113444
410,0.1632608
460,0.3200220
