len,OptClassic
10,0.0000046
60,0.0005130
110,0.0032186
160,0.0102094
210,0.0223904
260,0.0679150
310,0.1092742
360,0.1306466
410,0.1845198
460,0.3688240
