len,OptGrape
10,0.0000032
60,0.0004588
110,0.0028564
160,0.0093532
210,0.0314384
260,0.0386174
310,0.0988076
360,0.1105984
410,0.1742950
460,0.3442824
