len,OptStrassen
10,0.0024592
60,0.1240314
110,0.8676318
160,6.2366581
210,6.2163839
260,35.6911469
310,36.1835632
360,35.7239914
410,35.7225189
460,35.8125496
