len,Strassen
10,0.0012822
60,0.1342932
110,0.9753178
160,7.2003379
210,7.0362678
260,39.2253532
310,39.7415733
360,39.3739395
410,38.8734703
460,38.8343964
