len,Отсорт. в обратную
10,0.0000078
60,0.0000281
110,0.0000457
160,0.0000720
210,0.0000800
260,0.0001059
310,0.0001426
360,0.0001277
410,0.0001457
460,0.0002042
510,0.0002058
560,0.0002034
610,0.0002331
660,0.0002357
710,0.0002522
760,0.0002517
810,0.0002579
860,0.0002698
910,0.0004122
960,0.0004111
