len,Классический неоптимизированный алгоритм
1,0.0000022
2,0.0000018
4,0.0000020
8,0.0000070
16,0.0000454
32,0.0003610
64,0.0021702
128,0.0138868
256,0.0916292
512,0.8125600
