len,Оптимизированный классический алгоритм
1,0.0000006
2,0.0000008
4,0.0000010
8,0.0000028
16,0.0000172
32,0.0001274
64,0.0010044
128,0.0081492
256,0.0919996
512,0.8163502
