len,Оптимизированный алгоритм Винограда
1,0.0000006
2,0.0000006
4,0.0000010
8,0.0000020
16,0.0000106
32,0.0000730
64,0.0005564
128,0.0043454
256,0.0440254
512,0.4334024
