len,Classic
10,0.0000119
60,0.0011905
110,0.0053019
160,0.0169865
210,0.0378509
260,0.0617703
310,0.0945891
360,0.1198505
410,0.1804181
460,0.3788069
