len,Grape
10,0.0000033
60,0.0004662
110,0.0042876
160,0.0100538
210,0.0225230
260,0.0420804
310,0.0887846
360,0.1039068
410,0.1663265
460,0.3315224
