len,OptClassic
10,0.0000033
60,0.0005037
110,0.0037770
160,0.0104742
210,0.0230040
260,0.0461614
310,0.0951312
360,0.1227662
410,0.1733726
460,0.3628637
