len,OptGrape
10,0.0000030
60,0.0004503
110,0.0028828
160,0.0100389
210,0.0216265
260,0.0445707
310,0.0906024
360,0.1072769
410,0.1662639
460,0.3071695
