len,OptStrassen
10,0.0000031
60,0.0010078
110,0.0035053
160,0.0098180
210,0.0247505
260,0.0440918
310,0.0901037
360,0.1163368
410,0.1593315
460,0.3198687
