len,Strassen
10,0.0000031
60,0.0004757
110,0.0044777
160,0.0095695
210,0.0224379
260,0.0415881
310,0.0842454
360,0.1149608
410,0.1640063
460,0.3301764
