len,Сортировка_слиянием
10,0.0000038
60,0.0000193
110,0.0000406
160,0.0000662
210,0.0000777
260,0.0001067
310,0.0001370
360,0.0001564
410,0.0001739
460,0.0001727
510,0.0001940
560,0.0002540
610,0.0002816
660,0.0003061
710,0.0003299
760,0.0003318
810,0.0003537
860,0.0003719
910,0.0004084
960,0.0003864
