len,Блочная_сортировка
10,0.0000028
60,0.0000230
110,0.0000737
160,0.0001593
210,0.0002166
260,0.0003162
310,0.0005103
360,0.0005355
410,0.0007342
460,0.0013891
510,0.0017596
560,0.0014765
610,0.0019370
660,0.0022556
710,0.0028482
760,0.0029105
810,0.0030107
860,0.0032621
910,0.0055645
960,0.0057715
