len,Сортировка_слиянием
10,0.0000037
60,0.0000207
110,0.0000409
160,0.0000653
210,0.0000761
260,0.0001056
310,0.0001405
360,0.0001543
410,0.0001752
460,0.0001768
510,0.0001959
560,0.0002651
610,0.0002815
660,0.0003008
710,0.0003156
760,0.0003345
810,0.0003471
860,0.0003997
910,0.0004037
960,0.0003897
